[
    {
        "ActivityName": "Parisian Cooking Class",
        "Location": "10 Rue de la Roquette, 75011 Paris, France",
        "StartTime": "2024-08-10T10:00:00",
        "EndTime": "2024-08-10T12:30:00",
        "Duration": 150, 
        "Price": "$80",
        "Description": "Learn to cook traditional French dishes with a local chef. The class includes hands-on cooking instruction and a delicious meal at the end.",
        "Rating": 4.9,
        "ImageLink": "https://example.com/paris-cooking-class.jpg"
    },
    {
        "ActivityName": "Versailles Palace Tour",
        "Location": "Place d'Armes, 78000 Versailles, France",
        "StartTime": "2024-08-10T11:00:00",
        "EndTime": "2024-08-10T14:00:00",
        "Duration": 180, 
        "Price": "$90",
        "Description": "Explore the opulent Palace of Versailles with a guided tour. Discover the grand Hall of Mirrors, the Royal Chapel, and the expansive gardens.",
        "Rating": 4.8,
        "ImageLink": "https://example.com/versailles-tour.jpg"
    },
    {
        "ActivityName": "Paris Catacombs Visit",
        "Location": "1 Avenue du Colonel Henri Rol-Tanguy, 75014 Paris, France",
        "StartTime": "2024-08-10T13:00:00",
        "EndTime": "2024-08-10T15:00:00",
        "Duration": 120, 
        "Price": "$45",
        "Description": "Take a guided tour of the eerie Paris Catacombs, an underground ossuary that holds the remains of millions of Parisians.",
        "Rating": 4.7,
        "ImageLink": "https://example.com/paris-catacombs.jpg"
    },
    {
        "ActivityName": "Luxembourg Gardens Boat Rental",
        "Location": "6 Rue de M�dicis, 75006 Paris, France",
        "StartTime": "2024-08-10T15:30:00",
        "EndTime": "2024-08-10T17:30:00",
        "Duration": 120, 
        "Price": "$30",
        "Description": "Rent a boat and paddle around the serene Luxembourg Gardens pond. A perfect way to relax and enjoy the park�s beautiful surroundings.",
        "Rating": 4.6,
        "ImageLink": "https://example.com/luxembourg-boat-rental.jpg"
    }
]
