[
    {
        "CarModel": "Peugeot 308",
        "RentalAgency": "Paris City Cars",
        "PickUpTime": "2024-08-10T07:00:00",
        "DropOffTime": "2024-08-10T21:00:00",
        "PricePerDay": "$70",
        "FuelPolicy": "Full to Full",
        "Transmission": "Automatic",
        "Features": [ "Air Conditioning", "GPS", "Bluetooth", "USB Charging" ],
        "PickUpLocation": "12 Rue de Rivoli, 75004 Paris, France",
        "DropOffLocation": "12 Rue de Rivoli, 75004 Paris, France",
        "ImageLink": "https://example.com/peugeot-308.jpg"
    },
    {
        "CarModel": "Renault Clio",
        "RentalAgency": "Paris Auto Rentals",
        "PickUpTime": "2024-08-10T08:00:00",
        "DropOffTime": "2024-08-10T22:00:00",
        "PricePerDay": "$60",
        "FuelPolicy": "Full to Empty",
        "Transmission": "Manual",
        "Features": [ "Air Conditioning", "Bluetooth", "USB Charging" ],
        "PickUpLocation": "34 Rue de la R�publique, 75003 Paris, France",
        "DropOffLocation": "34 Rue de la R�publique, 75003 Paris, France",
        "ImageLink": "https://example.com/renault-clio.jpg"
    },
    {
        "CarModel": "Volkswagen Golf",
        "RentalAgency": "City Drive Paris",
        "PickUpTime": "2024-08-10T09:00:00",
        "DropOffTime": "2024-08-10T23:00:00",
        "PricePerDay": "$85",
        "FuelPolicy": "Full to Full",
        "Transmission": "Automatic",
        "Features": [ "Navigation System", "Bluetooth", "Air Conditioning", "Leather Seats" ],
        "PickUpLocation": "56 Boulevard Saint-Germain, 75005 Paris, France",
        "DropOffLocation": "56 Boulevard Saint-Germain, 75005 Paris, France",
        "ImageLink": "https://example.com/volkswagen-golf.jpg"
    }
]
