[
    {
        "FlightNumber": "AI101",
        "DepartureAirport": "PNQ",
        "ArrivalAirport": "CDG",
        "DepartureTime": "2024-08-08T06:30:00",
        "ArrivalTime": "2024-08-08T12:45:00",
        "Airline": "Air India",
        "Duration": 435,
        "Price": "$750"
    },
    {
        "FlightNumber": "EK202",
        "DepartureAirport": "PNQ",
        "ArrivalAirport": "CDG",
        "DepartureTime": "2024-08-08T07:00:00",
        "ArrivalTime": "2024-08-08T13:20:00",
        "Airline": "Emirates",
        "Duration": 440,
        "Price": "$800"
    },
    {
        "FlightNumber": "LH303",
        "DepartureAirport": "PNQ",
        "ArrivalAirport": "CDG",
        "DepartureTime": "2024-08-08T08:15:00",
        "ArrivalTime": "2024-08-08T14:30:00",
        "Airline": "Lufthansa",
        "Duration": 435,
        "Price": "$780"
    },
    {
        "FlightNumber": "AF404",
        "DepartureAirport": "PNQ",
        "ArrivalAirport": "CDG",
        "DepartureTime": "2024-08-08T09:00:00",
        "ArrivalTime": "2024-08-08T15:10:00",
        "Airline": "Air France",
        "Duration": 430,
        "Price": "$770"
    },
    {
        "FlightNumber": "QR505",
        "DepartureAirport": "PNQ",
        "ArrivalAirport": "CDG",
        "DepartureTime": "2024-08-08T10:30:00",
        "ArrivalTime": "2024-08-08T16:45:00",
        "Airline": "Qatar Airways",
        "Duration": 435,
        "Price": "$790"
    },
    {
        "FlightNumber": "QR505",
        "DepartureAirport": "CDG",
        "ArrivalAirport": "PNQ",
        "DepartureTime": "2024-08-11T10:30:00",
        "ArrivalTime": "2024-08-11T16:45:00",
        "Airline": "Qatar Airways",
        "Duration": 435,
        "Price": "$790"
    }
]
