[
    {
        "HotelName": "Le Meurice",
        "Address": "228 Rue de Rivoli, 75001 Paris, France",
        "CheckInTime": "2024-08-08T10:00:00",
        "CheckOutTime": "2024-08-11T12:00:00",
        "PricePerNight": "$1200",
        "Rating": 5,
        "Amenities": [ "Free WiFi", "Spa", "Fitness Center", "Restaurant", "Bar" ],
        "DistanceToAttractions": {
            "Louvre Museum": "0.5 km",
            "Notre-Dame Cathedral": "2 km",
            "Eiffel Tower": "3 km"
        },
        "ImageLink": "https://example.com/le-meurice.jpg"
    },
    {
        "HotelName": "Hotel Le Relais Saint-Germain",
        "Address": "9 Carrefour de l'Od�on, 75006 Paris, France",
        "CheckInTime": "2024-08-08T11:00:00",
        "CheckOutTime": "2024-08-11T11:00:00",
        "PricePerNight": "$550",
        "Rating": 4,
        "Amenities": [ "Free WiFi", "Pet-Friendly", "Bar", "24-Hour Front Desk" ],
        "DistanceToAttractions": {
            "Louvre Museum": "1.5 km",
            "Notre-Dame Cathedral": "1 km",
            "Eiffel Tower": "3.5 km"
        },
        "ImageLink": "https://example.com/le-relais-saint-germain.jpg"
    },
    {
        "HotelName": "Hotel Marais Bastille",
        "Address": "9 Rue de la Bastille, 75004 Paris, France",
        "CheckInTime": "2024-08-08T12:00:00",
        "CheckOutTime": "2024-08-11T10:00:00",
        "PricePerNight": "$300",
        "Rating": 3,
        "Amenities": [ "Free WiFi", "Breakfast Available", "24-Hour Front Desk", "Elevator" ],
        "DistanceToAttractions": {
            "Louvre Museum": "2 km",
            "Notre-Dame Cathedral": "1.2 km",
            "Eiffel Tower": "4 km"
        },
        "ImageLink": "https://example.com/marais-bastille.jpg"
    },
    {
        "HotelName": "Hotel Paris Bastille",
        "Address": "12 Rue de la Roquette, 75011 Paris, France",
        "CheckInTime": "2024-08-08T13:00:00",
        "CheckOutTime": "2024-08-11T12:00:00",
        "PricePerNight": "$250",
        "Rating": 3,
        "Amenities": [ "Free WiFi", "Breakfast Available", "24-Hour Front Desk" ],
        "DistanceToAttractions": {
            "Louvre Museum": "2.5 km",
            "Notre-Dame Cathedral": "1.5 km",
            "Eiffel Tower": "4.5 km"
        },
        "ImageLink": "https://example.com/paris-bastille.jpg"
    },
    {
        "HotelName": "Hotel de Ville",
        "Address": "1 Place du Louvre, 75001 Paris, France",
        "CheckInTime": "2024-08-08T14:00:00",
        "CheckOutTime": "2024-08-11T11:00:00",
        "PricePerNight": "$450",
        "Rating": 4,
        "Amenities": [ "Free WiFi", "Restaurant", "Bar", "Fitness Center" ],
        "DistanceToAttractions": {
            "Louvre Museum": "0.1 km",
            "Notre-Dame Cathedral": "1.8 km",
            "Eiffel Tower": "3.2 km"
        },
        "ImageLink": "https://example.com/hotel-de-ville.jpg"
    }
]
