[
    {
        "Id": "P1",
        "packageName": "Sunny Beach Escape (3 Nights / 4 Days)",
        "includesFlights": true,
        "numberOfHotels": 1,
        "hotelType": "4-Star Beach Resort",
        "numberOfActivities": 4,
        "cities": [],
        "pricingPerPerson": 800,
        "numberOfNights": 3,
        "numberOfDays": 4,
        "image": "https://via.placeholder.com/150"
    },
    {
        "Id": "P2",
        "packageName": "Mountain Adventure Retreat (3 Nights / 4 Days)",
        "includesFlights": false,
        "numberOfHotels": 1,
        "hotelType": "5-Star Mountain Lodge",
        "numberOfActivities": 4,
        "cities": [],
        "pricingPerPerson": 900,
        "numberOfNights": 3,
        "numberOfDays": 4,
        "image": "https://via.placeholder.com/150"
    },
    {
        "Id": "P3",
        "packageName": "City Lights Extravaganza (3 Nights / 4 Days)",
        "includesFlights": true,
        "numberOfHotels": 1,
        "hotelType": "3-Star City Hotel",
        "numberOfActivities": 4,
        "cities": [],
        "pricingPerPerson": 1200,
        "numberOfNights": 3,
        "numberOfDays": 4,
        "image": "https://via.placeholder.com/150"
    },
    {
        "Id": "P4",
        "packageName": "Tropical Island Paradise (3 Nights / 4 Days)",
        "includesFlights": true,
        "numberOfHotels": 1,
        "hotelType": "5-Star All-Inclusive Resort",
        "numberOfActivities": 4,
        "cities": [],
        "pricingPerPerson": 1500,
        "numberOfNights": 3,
        "numberOfDays": 4,
        "image": "https://via.placeholder.com/150"
    },
    {
        "Id": "P5",
        "packageName": "Cultural Heritage Tour (3 Nights / 4 Days)",
        "includesFlights": true,
        "numberOfHotels": 1,
        "hotelType": "4-Star Heritage Hotel",
        "numberOfActivities": 4,
        "cities": [],
        "pricingPerPerson": 1000,
        "numberOfNights": 3,
        "numberOfDays": 4,
        "image": "https://via.placeholder.com/150"
    },
    {
        "Id": "P6",
        "packageName": "Sunny Beach Escape (6 Nights / 7 Days)",
        "includesFlights": true,
        "numberOfHotels": 2,
        "hotelType": "4-Star Beach Resort",
        "numberOfActivities": 8,
        "cities": ["Engelberg"],
        "pricingPerPerson": 1800,
        "numberOfNights": 6,
        "numberOfDays": 7,
        "image": "https://via.placeholder.com/150"
    },
    {
        "Id": "P7",
        "packageName": "Mountain Adventure Retreat (6 Nights / 7 Days)",
        "includesFlights": false,
        "numberOfHotels": 2,
        "hotelType": "5-Star Mountain Lodge",
        "numberOfActivities": 8,
        "cities": [ "Engelberg" ],
        "pricingPerPerson": 2000,
        "numberOfNights": 6,
        "numberOfDays": 7,
        "image": "https://via.placeholder.com/150"
    },
    {
        "Id": "P8",
        "packageName": "City Lights Extravaganza (6 Nights / 7 Days)",
        "includesFlights": true,
        "numberOfHotels": 2,
        "hotelType": "3-Star City Hotels",
        "numberOfActivities": 8,
        "cities": [ "Engelberg" ],
        "pricingPerPerson": 2400,
        "numberOfNights": 6,
        "numberOfDays": 7,
        "image": "https://via.placeholder.com/150"
    },
    {
        "Id": "P9",
        "packageName": "Tropical Island Paradise (6 Nights / 7 Days)",
        "includesFlights": true,
        "numberOfHotels": 2,
        "hotelType": "5-Star All-Inclusive Resort",
        "numberOfActivities": 8,
        "cities": [ "Engelberg" ],
        "pricingPerPerson": 2800,
        "numberOfNights": 6,
        "numberOfDays": 7,
        "image": "https://via.placeholder.com/150"
    },
    {
        "Id": "P10",
        "packageName": "Cultural Heritage Tour (6 Nights / 7 Days)",
        "includesFlights": true,
        "numberOfHotels": 2,
        "hotelType": "4-Star Heritage Hotels",
        "numberOfActivities": 8,
        "cities": [ "Engelberg" ],
        "pricingPerPerson": 2400,
        "numberOfNights": 6,
        "numberOfDays": 7,
        "image": "https://via.placeholder.com/150"
    },
    {
        "Id": "P11",
        "packageName": "Sunny Beach Escape (9 Nights / 10 Days)",
        "includesFlights": true,
        "numberOfHotels": 3,
        "hotelType": "4-Star Beach Resort",
        "numberOfActivities": 12,
        "cities": [ "Engelberg" , "Zurich"],
        "pricingPerPerson": 2500,
        "numberOfNights": 9,
        "numberOfDays": 10,
        "image": "https://via.placeholder.com/150"
    },
    {
        "Id": "P12",
        "packageName": "Mountain Adventure Retreat (9 Nights / 10 Days)",
        "includesFlights": false,
        "numberOfHotels": 3,
        "hotelType": "5-Star Mountain Lodge",
        "numberOfActivities": 12,
        "cities": [ "Engelberg", "Zurich" ],
        "pricingPerPerson": 3000,
        "numberOfNights": 9,
        "numberOfDays": 10,
        "image": "https://via.placeholder.com/150"
    },
    {
        "Id": "P13",
        "packageName": "City Lights Extravaganza (9 Nights / 10 Days)",
        "includesFlights": true,
        "numberOfHotels": 3,
        "hotelType": "3-Star City Hotels",
        "numberOfActivities": 12,
        "cities": [ "Engelberg", "Zurich" ],
        "pricingPerPerson": 3200,
        "numberOfNights": 9,
        "numberOfDays": 10,
        "image": "https://via.placeholder.com/150"
    },
    {
        "Id": "P14",
        "packageName": "Tropical Island Paradise (9 Nights / 10 Days)",
        "includesFlights": true,
        "numberOfHotels": 3,
        "hotelType": "5-Star All-Inclusive Resort",
        "numberOfActivities": 12,
        "cities": [ "Engelberg", "Zurich" ],
        "pricingPerPerson": 3500,
        "numberOfNights": 9,
        "numberOfDays": 10,
        "image": "https://via.placeholder.com/150"
    },
    {
        "Id": "P15",
        "packageName": "Cultural Heritage Tour (9 Nights / 10 Days)",
        "includesFlights": true,
        "numberOfHotels": 3,
        "hotelType": "4-Star Heritage Hotels",
        "numberOfActivities": 12,
        "cities": [
            "Historical site tours",
            "Cultural dance performances",
            "Cooking class",
            "Traditional craft workshop",
            "Local market visit",
            "Guided city tour",
            "Heritage walk",
            "Museum visit",
            "Visit to local villages",
            "Traditional festival",
            "Artisan workshops",
            "Historical re-enactments"
        ],
        "pricingPerPerson": 3200,
        "numberOfNights": 9,
        "numberOfDays": 10,
        "image": "https://via.placeholder.com/150"
    }
]
